Quý,TÀI SẢN,A- TÀI SẢN NGẮN HẠN,I. Tiền và các khoản tương đương tiền,1. Tiền,2. Các khoản tương đương tiền,II. Các khoản đầu tư tài chính ngắn hạn,1. Chứng khoán kinh doanh,2. Dự phòng giảm giá chứng khoán kinh doanh,3. Đầu tư nắm giữ đến ngày đáo hạn,III. Các khoản phải thu ngắn hạn,1. Phải thu ngắn hạn của khách hàng,2. Trả trước cho người bán ngắn hạn,3. Phải thu nội bộ ngắn hạn,4. Phải thu theo tiến độ kế hoạch hợp đồng xây dựng,5. Phải thu về cho vay ngắn hạn,6. Phải thu ngắn hạn khác,7. Dự phòng phải thu ngắn hạn khó đòi,8. Tài sản Thiếu chờ xử lý,IV. Hàng tồn kho,1. Hàng tồn kho,2. Dự phòng giảm giá hàng tồn kho,V.Tài sản ngắn hạn khác,1. Chi phí trả trước ngắn hạn,2. Thuế GTGT được khấu trừ,3. Thuế và các khoản khác phải thu Nhà nước,4. Giao dịch mua bán lại trái phiếu Chính phủ,5. Tài sản ngắn hạn khác,B. TÀI SẢN DÀI HẠN,I. Các khoản phải thu dài hạn,1. Phải thu dài hạn của khách hàng,2. Trả trước cho người bán dài hạn,3. Vốn kinh doanh ở đơn vị trực thuộc,4. Phải thu nội bộ dài hạn,5. Phải thu về cho vay dài hạn,6. Phải thu dài hạn khác,7. Dự phòng phải thu dài hạn khó đòi,II.Tài sản cố định,1. Tài sản cố định hữu hình, Nguyên giá, Giá trị hao mòn lũy kế,2. Tài sản cố định thuê tài chính, Nguyên giá.1, Giá trị hao mòn lũy kế.1,3. Tài sản cố định vô hình, Nguyên giá.2, Giá trị hao mòn lũy kế.2,III. Bất động sản đầu tư, Nguyên giá.3, Giá trị hao mòn lũy kế.3,IV. Tài sản dở dang dài hạn,"1. Chi phí sản xuất, kinh doanh dở dang dài hạn",2. Chi phí xây dựng cơ bản dở dang,V. Đầu tư tài chính dài hạn,1. Đầu tư vào công ty con,"2. Đầu tư vào công ty liên kết, liên doanh",3. Đầu tư góp vốn vào đơn vị khác,4. Dự phòng đầu tư tài chính dài hạn,5. Đầu tư nắm giữ đến ngày đáo hạn,VI. Tài sản dài hạn khác,1. Chi phí trả trước dài hạn,2. Tài sản thuế thu nhập hoãn lại,"3. Thiết bị, vật tư, phụ tùng thay thế dài hạn",4. Tài sản dài hạn khác,5. Lợi thế thương mại,TỔNG CỘNG TÀI SẢN,NGUỒN VỐN,C. NỢ PHẢI TRẢ,I. Nợ ngắn hạn,1. Phải trả người bán ngắn hạn,2. Người mua trả tiền trước ngắn hạn,3. Thuế và các khoản phải nộp nhà nước,4. Phải trả người lao động,5. Chi phí phải trả ngắn hạn,6. Phải trả nội bộ ngắn hạn,7. Phải trả theo tiến độ kế hoạch hợp đồng xây dựng,8. Doanh thu chưa thực hiện ngắn hạn,9. Phải trả ngắn hạn khác,10. Vay và nợ thuê tài chính ngắn hạn,11. Dự phòng phải trả ngắn hạn,12. Quỹ khen thưởng phúc lợi,13. Quỹ bình ổn giá,14. Giao dịch mua bán lại trái phiếu Chính phủ,II. Nợ dài hạn,1. Phải trả người bán dài hạn,2. Người mua trả tiền trước dài hạn,3. Chi phí phải trả dài hạn,4. Phải trả nội bộ về vốn kinh doanh,5. Phải trả nội bộ dài hạn,6. Doanh thu chưa thực hiện dài hạn,7. Phải trả dài hạn khác,8. Vay và nợ thuê tài chính dài hạn,9. Trái phiếu chuyển đổi,10. Cổ phiếu ưu đãi,11. Thuế thu nhập hoãn lại phải trả,12. Dự phòng phải trả dài hạn,13. Quỹ phát triển khoa học và công nghệ,D.VỐN CHỦ SỞ HỮU,I. Vốn chủ sở hữu,1. Vốn góp của chủ sở hữu, Cổ phiếu phổ thông có quyền biểu quyết, Cổ phiếu ưu đãi,2. Thặng dư vốn cổ phần,3. Quyền chọn chuyển đổi trái phiếu,4. Vốn khác của chủ sở hữu,5. Cổ phiếu quỹ,6. Chênh lệch đánh giá lại tài sản,7. Chênh lệch tỷ giá hối đoái,8. Quỹ đầu tư phát triển,9. Quỹ hỗ trợ sắp xếp doanh nghiệp,10. Quỹ khác thuộc vốn chủ sở hữu,11. Lợi nhuận sau thuế chưa phân phối, LNST chưa phân phối lũy kế đến cuối kỳ trước, LNST chưa phân phối kỳ này,12. Nguồn vốn đầu tư XDCB,13. Lợi ích cổ đông không kiểm soát,II. Nguồn kinh phí và quỹ khác,1. Nguồn kinh phí,2. Nguồn kinh phí đã hình thành TSCĐ,TỔNG CỘNG NGUỒN VỐN
'1/2008,,,,,,,,,,,,,,,,,,,,,,,,,,,,,,,,,,,,,,,,,,,,,,,,,,,,,,,,,,,,,,,,,,,,,,,,,,,,,,,,,,,,,,,,,,,,,,,,,,,,,,,,,,,,,,,,,,,,,,,
'2/2008,,,,,,,,,,,,,,,,,,,,,,,,,,,,,,,,,,,,,,,,,,,,,,,,,,,,,,,,,,,,,,,,,,,,,,,,,,,,,,,,,,,,,,,,,,,,,,,,,,,,,,,,,,,,,,,,,,,,,,,
'3/2008,,,,,,,,,,,,,,,,,,,,,,,,,,,,,,,,,,,,,,,,,,,,,,,,,,,,,,,,,,,,,,,,,,,,,,,,,,,,,,,,,,,,,,,,,,,,,,,,,,,,,,,,,,,,,,,,,,,,,,,
'4/2008,,,,,,,,,,,,,,,,,,,,,,,,,,,,,,,,,,,,,,,,,,,,,,,,,,,,,,,,,,,,,,,,,,,,,,,,,,,,,,,,,,,,,,,,,,,,,,,,,,,,,,,,,,,,,,,,,,,,,,,
'1/2009,,,,,,,,,,,,,,,,,,,,,,,,,,,,,,,,,,,,,,,,,,,,,,,,,,,,,,,,,,,,,,,,,,,,,,,,,,,,,,,,,,,,,,,,,,,,,,,,,,,,,,,,,,,,,,,,,,,,,,,
'2/2009,,,,,,,,,,,,,,,,,,,,,,,,,,,,,,,,,,,,,,,,,,,,,,,,,,,,,,,,,,,,,,,,,,,,,,,,,,,,,,,,,,,,,,,,,,,,,,,,,,,,,,,,,,,,,,,,,,,,,,,
'3/2009,,,,,,,,,,,,,,,,,,,,,,,,,,,,,,,,,,,,,,,,,,,,,,,,,,,,,,,,,,,,,,,,,,,,,,,,,,,,,,,,,,,,,,,,,,,,,,,,,,,,,,,,,,,,,,,,,,,,,,,
'4/2009,,,,,,,,,,,,,,,,,,,,,,,,,,,,,,,,,,,,,,,,,,,,,,,,,,,,,,,,,,,,,,,,,,,,,,,,,,,,,,,,,,,,,,,,,,,,,,,,,,,,,,,,,,,,,,,,,,,,,,,
'1/2010,,,,,,,,,,,,,,,,,,,,,,,,,,,,,,,,,,,,,,,,,,,,,,,,,,,,,,,,,,,,,,,,,,,,,,,,,,,,,,,,,,,,,,,,,,,,,,,,,,,,,,,,,,,,,,,,,,,,,,,
'2/2010,,,,,,,,,,,,,,,,,,,,,,,,,,,,,,,,,,,,,,,,,,,,,,,,,,,,,,,,,,,,,,,,,,,,,,,,,,,,,,,,,,,,,,,,,,,,,,,,,,,,,,,,,,,,,,,,,,,,,,,
'3/2010,,,,,,,,,,,,,,,,,,,,,,,,,,,,,,,,,,,,,,,,,,,,,,,,,,,,,,,,,,,,,,,,,,,,,,,,,,,,,,,,,,,,,,,,,,,,,,,,,,,,,,,,,,,,,,,,,,,,,,,
'4/2010,,,,,,,,,,,,,,,,,,,,,,,,,,,,,,,,,,,,,,,,,,,,,,,,,,,,,,,,,,,,,,,,,,,,,,,,,,,,,,,,,,,,,,,,,,,,,,,,,,,,,,,,,,,,,,,,,,,,,,,
'1/2011,,,,,,,,,,,,,,,,,,,,,,,,,,,,,,,,,,,,,,,,,,,,,,,,,,,,,,,,,,,,,,,,,,,,,,,,,,,,,,,,,,,,,,,,,,,,,,,,,,,,,,,,,,,,,,,,,,,,,,,
'2/2011,,,,,,,,,,,,,,,,,,,,,,,,,,,,,,,,,,,,,,,,,,,,,,,,,,,,,,,,,,,,,,,,,,,,,,,,,,,,,,,,,,,,,,,,,,,,,,,,,,,,,,,,,,,,,,,,,,,,,,,
'3/2011,,,,,,,,,,,,,,,,,,,,,,,,,,,,,,,,,,,,,,,,,,,,,,,,,,,,,,,,,,,,,,,,,,,,,,,,,,,,,,,,,,,,,,,,,,,,,,,,,,,,,,,,,,,,,,,,,,,,,,,
'4/2011,,,,,,,,,,,,,,,,,,,,,,,,,,,,,,,,,,,,,,,,,,,,,,,,,,,,,,,,,,,,,,,,,,,,,,,,,,,,,,,,,,,,,,,,,,,,,,,,,,,,,,,,,,,,,,,,,,,,,,,
'1/2012,,,,,,,,,,,,,,,,,,,,,,,,,,,,,,,,,,,,,,,,,,,,,,,,,,,,,,,,,,,,,,,,,,,,,,,,,,,,,,,,,,,,,,,,,,,,,,,,,,,,,,,,,,,,,,,,,,,,,,,
'2/2012,,,,,,,,,,,,,,,,,,,,,,,,,,,,,,,,,,,,,,,,,,,,,,,,,,,,,,,,,,,,,,,,,,,,,,,,,,,,,,,,,,,,,,,,,,,,,,,,,,,,,,,,,,,,,,,,,,,,,,,
'3/2012,,,,,,,,,,,,,,,,,,,,,,,,,,,,,,,,,,,,,,,,,,,,,,,,,,,,,,,,,,,,,,,,,,,,,,,,,,,,,,,,,,,,,,,,,,,,,,,,,,,,,,,,,,,,,,,,,,,,,,,
'4/2012,,,,,,,,,,,,,,,,,,,,,,,,,,,,,,,,,,,,,,,,,,,,,,,,,,,,,,,,,,,,,,,,,,,,,,,,,,,,,,,,,,,,,,,,,,,,,,,,,,,,,,,,,,,,,,,,,,,,,,,
'1/2013,,,,,,,,,,,,,,,,,,,,,,,,,,,,,,,,,,,,,,,,,,,,,,,,,,,,,,,,,,,,,,,,,,,,,,,,,,,,,,,,,,,,,,,,,,,,,,,,,,,,,,,,,,,,,,,,,,,,,,,
'2/2013,,,,,,,,,,,,,,,,,,,,,,,,,,,,,,,,,,,,,,,,,,,,,,,,,,,,,,,,,,,,,,,,,,,,,,,,,,,,,,,,,,,,,,,,,,,,,,,,,,,,,,,,,,,,,,,,,,,,,,,
'3/2013,,,,,,,,,,,,,,,,,,,,,,,,,,,,,,,,,,,,,,,,,,,,,,,,,,,,,,,,,,,,,,,,,,,,,,,,,,,,,,,,,,,,,,,,,,,,,,,,,,,,,,,,,,,,,,,,,,,,,,,
'4/2013,,,,,,,,,,,,,,,,,,,,,,,,,,,,,,,,,,,,,,,,,,,,,,,,,,,,,,,,,,,,,,,,,,,,,,,,,,,,,,,,,,,,,,,,,,,,,,,,,,,,,,,,,,,,,,,,,,,,,,,
'1/2014,,,,,,,,,,,,,,,,,,,,,,,,,,,,,,,,,,,,,,,,,,,,,,,,,,,,,,,,,,,,,,,,,,,,,,,,,,,,,,,,,,,,,,,,,,,,,,,,,,,,,,,,,,,,,,,,,,,,,,,
'2/2014,,,,,,,,,,,,,,,,,,,,,,,,,,,,,,,,,,,,,,,,,,,,,,,,,,,,,,,,,,,,,,,,,,,,,,,,,,,,,,,,,,,,,,,,,,,,,,,,,,,,,,,,,,,,,,,,,,,,,,,
'3/2014,,,,,,,,,,,,,,,,,,,,,,,,,,,,,,,,,,,,,,,,,,,,,,,,,,,,,,,,,,,,,,,,,,,,,,,,,,,,,,,,,,,,,,,,,,,,,,,,,,,,,,,,,,,,,,,,,,,,,,,
'4/2014,,,,,,,,,,,,,,,,,,,,,,,,,,,,,,,,,,,,,,,,,,,,,,,,,,,,,,,,,,,,,,,,,,,,,,,,,,,,,,,,,,,,,,,,,,,,,,,,,,,,,,,,,,,,,,,,,,,,,,,
'1/2015,,,,,,,,,,,,,,,,,,,,,,,,,,,,,,,,,,,,,,,,,,,,,,,,,,,,,,,,,,,,,,,,,,,,,,,,,,,,,,,,,,,,,,,,,,,,,,,,,,,,,,,,,,,,,,,,,,,,,,,
'2/2015,,,,,,,,,,,,,,,,,,,,,,,,,,,,,,,,,,,,,,,,,,,,,,,,,,,,,,,,,,,,,,,,,,,,,,,,,,,,,,,,,,,,,,,,,,,,,,,,,,,,,,,,,,,,,,,,,,,,,,,
'3/2015,,,,,,,,,,,,,,,,,,,,,,,,,,,,,,,,,,,,,,,,,,,,,,,,,,,,,,,,,,,,,,,,,,,,,,,,,,,,,,,,,,,,,,,,,,,,,,,,,,,,,,,,,,,,,,,,,,,,,,,
'4/2015,,,,,,,,,,,,,,,,,,,,,,,,,,,,,,,,,,,,,,,,,,,,,,,,,,,,,,,,,,,,,,,,,,,,,,,,,,,,,,,,,,,,,,,,,,,,,,,,,,,,,,,,,,,,,,,,,,,,,,,
'1/2016,,"17,882,820,240,427","3,592,179,259,917","3,580,979,259,917","11,200,000,000","554,133,478,337",,,"554,133,478,337","6,282,285,300,744","3,102,021,012,625","1,813,370,780,809",,,,"1,418,721,598,492","-51,828,091,182",,"5,360,453,875,037","5,379,431,489,842","-18,977,614,805","2,093,768,326,392","203,178,913,821","1,781,437,798,204","107,443,965,666",,"1,707,648,701","22,083,799,010,392","3,454,159,254,247","3,396,674,334,304",,,,,"57,484,919,943",,"10,307,890,153,076","8,534,086,191,499","16,798,011,083,276","-8,263,924,891,777",,,,"1,773,803,961,577","2,220,854,936,940","-447,050,975,363",,,,"5,151,610,190,522",,"5,151,610,190,522","1,234,260,503,119",,"1,234,260,503,119",,,,"1,935,878,909,428","733,035,852,998","751,040,667,214",,,"451,802,389,216","39,966,619,250,819",,"26,098,048,840,558","17,521,125,899,531","4,510,005,634,302","26,971,794,431","322,778,039,775","114,505,617,037","1,920,562,895,765",,,"12,256,999,423","182,660,717,900","10,355,137,792,595",,"76,246,408,303",,,"8,576,922,941,027","507,050,248,512",,"4,100,154,203",,,"125,137,308,266","8,246,402,197","7,932,388,827,849",,,,,,"13,868,570,410,261","13,868,570,410,261","14,438,112,000,000","14,438,112,000,000",,,,,,,"-2,554,394,255,640","1,499,446,299,153",,"7,999,977,441","875,300,932,654","-801,714,038,546","1,677,014,971,200",,"-397,894,543,347",,,,"39,966,619,250,819"
'2/2016,,"17,512,447,499,319","3,338,278,599,995","2,532,697,343,346","805,581,256,649","1,124,858,666,667",,,"1,124,858,666,667","5,993,544,487,545","3,109,762,892,845","1,844,172,072,973",,,,"1,091,423,253,396","-51,813,731,669",,"5,358,798,565,916","5,377,753,149,122","-18,954,583,206","1,696,967,179,196","224,503,098,450","1,410,814,578,978","61,649,501,768",,,"20,763,115,127,991","3,584,526,579,081","3,527,684,916,030",,,,,"56,841,663,051",,"10,802,581,788,311","9,155,321,199,753","17,855,726,951,816","-8,700,405,752,063",,,,"1,647,260,588,558","2,092,235,630,860","-444,975,042,302",,,,"3,055,619,508,551",,"3,055,619,508,551","1,354,509,375,866",,"1,354,509,375,866",,,,"1,965,877,876,182","739,866,800,940","787,496,991,466",,,"438,514,083,776","38,275,562,627,310",,"27,823,695,997,327","17,369,133,864,984","4,296,703,697,432","20,560,675,495","414,032,241,291","128,252,804,213","2,050,264,384,779",,,,"1,496,903,701,571","8,871,462,403,863",,"90,953,956,340",,,"10,454,562,132,343","421,107,371,236",,"4,320,535,022",,,"105,107,559,049","7,957,839,139","9,813,499,964,693",,,"102,568,863,204",,,"10,451,866,629,983","10,451,866,629,983","14,438,112,000,000",,,,,,,,"-3,140,671,635,938","1,502,518,421,028",,"9,961,051,560","-1,654,175,745,145","-1,657,577,701,567","3,401,956,422",,"-703,877,461,522",,,,"38,275,562,627,310"
'3/2016,,,,,,,,,,,,,,,,,,,,,,,,,,,,,,,,,,,,,,,,,,,,,,,,,,,,,,,,,,,,,,,,,,,,,,,,,,,,,,,,,,,,,,,,,,,,,,,,,,,,,,,,,,,,,,,,,,,,,,,
'4/2016,,"20,934,122,069,915","2,595,820,204,436","1,594,720,204,436","1,001,100,000,000","5,874,858,666,667",,,"5,874,858,666,667","5,936,584,340,215","3,021,203,568,772","1,608,104,417,458",,,,"1,363,480,452,635","-56,204,098,650",,"4,813,177,097,691","4,816,028,648,991","-2,851,551,300","1,713,681,760,906","198,605,877,836","1,423,193,059,756","91,882,823,314",,,"25,892,275,468,816","4,926,842,076,687","4,808,372,928,711",,,,,"118,469,147,976",,"12,538,299,704,615","10,784,916,280,671","20,570,599,579,234","-9,785,683,298,563",,,,"1,753,383,423,944","2,275,223,222,974","-521,839,799,030",,,,"2,860,499,204,474",,"2,860,499,204,474","3,806,550,536,511",,"2,806,550,536,511",,,"1,000,000,000,000","1,760,083,946,529","490,477,763,111","857,668,710,807",,,"411,937,472,611","46,826,397,538,731",,"28,491,344,441,698","17,980,096,223,526","4,788,757,361,151","6,716,316,868","347,484,589,242","228,263,327,919","1,158,808,044,488",,,,"350,163,151,460","11,089,449,816,471",,"10,453,615,927",,,"10,511,248,218,172","332,086,857,267",,"4,425,275,913",,,"94,261,877,791","8,350,444,532","10,009,184,633,951",,,"62,939,128,718",,,"18,335,053,097,033","18,335,053,097,033","22,438,112,000,000","22,438,112,000,000",,,,,,,"-1,433,743,612,443","1,528,271,299,900",,"9,961,051,560","-2,518,408,336,533","-2,608,680,064,525","90,271,727,992",,"-1,689,139,305,451",,,,"46,826,397,538,731"
'1/2017,,"26,401,709,840,261","2,094,407,525,134","2,083,307,525,134","11,100,000,000","5,874,858,666,667",,,"5,874,858,666,667","11,093,742,547,656","8,331,946,231,015","1,078,600,210,178",,,,"1,742,477,478,760","-59,281,372,297",,"5,618,845,410,631","5,621,696,955,996","-2,851,545,365","1,719,855,690,173","281,035,433,398","1,373,090,052,200","65,730,204,575",,,"20,479,284,520,653","193,215,966,736","85,706,525,087",,,,"18,160,000,000","89,349,441,649",,"12,392,429,668,044","10,643,518,712,076","21,131,728,433,581","-10,488,209,721,505",,,,"1,748,910,955,968","2,341,761,441,489","-592,850,485,521",,,,"2,072,181,565,216",,"2,072,181,565,216","3,921,487,950,463","2,405,298,013","2,919,082,652,450",,,"1,000,000,000,000","1,899,969,370,194","638,792,492,576","862,527,710,662",,,"398,649,166,956","46,880,994,360,914",,"28,924,774,797,604","20,045,766,979,948","4,590,640,923,595","258,657,680,502","262,372,826,053","128,191,446,495","2,110,039,292,425",,,"964,846,242","393,515,401,470","12,300,201,080,267",,"1,183,482,899",,,"8,879,007,817,656","213,761,366,898",,,,,"101,430,023,030","13,129,017,962","8,482,998,922,420",,,"67,688,487,346",,,"17,956,219,563,310","17,956,219,563,310","22,438,112,000,000",,,,,,,,"-1,220,261,933,414","1,528,739,673,566",,"9,961,051,560","-2,706,876,549,297","-186,047,792,214","-2,520,828,757,083",,"-2,093,454,679,105",,,,"46,880,994,360,914"
'2/2017,,"21,319,204,253,566","2,616,373,356,453","2,244,843,356,453","371,530,000,000","6,335,500,000,000",,,"6,335,500,000,000","5,942,489,150,755","3,260,552,792,775","947,418,654,956",,,,"1,800,787,444,768","-66,269,741,744",,"4,666,908,147,526","4,670,442,703,996","-3,534,556,470","1,757,933,598,832","296,896,642,261","1,412,989,650,855","48,047,305,716",,,"27,366,172,770,990","6,233,750,966,025","5,889,523,466,246",,,,"259,647,927,630","84,579,572,149",,"12,842,915,476,188","11,074,106,136,924","22,599,558,811,778","-11,525,452,674,854",,,,"1,768,809,339,264","2,455,780,650,308","-686,971,311,044",,,,"3,468,833,296,713",,"3,468,833,296,713","3,069,211,764,247",,"3,069,211,764,247",,,,"1,751,461,267,817","556,476,143,655","809,624,262,682",,,"385,360,861,480","48,685,377,024,556",,"29,980,804,329,182","21,176,791,321,574","4,994,420,567,077","216,356,187,966","386,575,054,931","157,019,017,976","1,921,407,353,272",,,,"495,589,769,076","13,003,723,071,017",,"1,700,300,259",,,"8,804,013,007,608","708,046,171,556",,"5,118,372,816",,,"109,700,912,461","9,838,148,667","7,874,223,613,066",,,"97,085,789,042",,,"18,704,572,695,374","18,704,572,695,374","22,438,112,000,000","22,438,112,000,000",,,,,,,"-1,818,130,722,245","1,528,271,299,900",,"9,961,051,560","-2,332,775,284,938","177,845,815,836","-2,510,621,100,774",,"-1,120,865,648,903",,,,"48,685,377,024,556"
'3/2017,,"22,461,895,796,141","2,059,794,927,693","2,049,194,927,693","10,600,000,000","6,268,472,324,629",,,"6,268,472,324,629","6,464,065,482,839","3,330,984,075,036","831,657,582,384",,,,"2,374,343,965,293","-72,920,139,874",,"5,849,659,780,434","5,853,189,825,117","-3,530,044,683","1,819,903,280,546","327,410,050,976","1,410,710,940,192","81,782,289,378",,,"27,565,543,972,426","7,309,874,697,206","5,939,706,013,875",,,,"1,275,405,484,275","94,763,199,056",,"12,622,396,416,728","10,557,205,214,503","22,789,135,372,638","-12,231,930,158,135",,,,"2,065,191,202,225","2,815,601,923,994","-750,410,721,769",,,,"2,707,197,084,208",,"2,707,197,084,208","2,981,808,374,230",,"2,981,808,374,230",,,,"1,944,267,400,054","706,198,363,052","865,996,481,177",,,"372,072,555,825","50,027,439,768,567",,"31,604,610,635,175","23,091,557,539,395","5,755,350,099,650","260,585,504,786","429,810,008,178","191,928,193,659","2,142,673,094,062",,,,"626,863,640,777","13,686,460,533,575",,"-2,113,535,292",,,"8,513,053,095,780","842,221,402,530",,"5,132,608,973",,,"127,735,254,388","11,033,969,489","7,397,058,295,355",,,"129,871,565,045",,,"18,422,829,133,392","18,422,829,133,392","22,438,112,000,000","22,438,112,000,000",,,,,,,"-1,516,718,177,191","1,528,271,299,900",,"9,961,051,560","-2,385,817,659,326","124,803,441,447","-2,510,621,100,773",,"-1,650,979,381,551",,,,"50,027,439,768,567"
'4/2017,,"18,669,825,821,270","1,937,028,931,860","1,881,928,931,860","55,100,000,000","3,971,500,000,000",,,"3,971,500,000,000","7,257,853,544,606","4,383,159,106,805","721,173,240,433",,,,"2,450,590,923,925","-347,732,479,451","50,662,752,894","3,927,539,938,242","3,937,951,910,765","-10,411,972,523","1,575,903,406,562","230,645,186,845","1,291,688,085,459","53,570,134,258",,,"33,296,728,313,685","10,087,172,356,665","8,133,956,455,513",,,,"1,828,716,723,900","124,499,177,252",,"14,453,535,992,675","12,420,781,380,247","25,230,311,422,531","-12,809,530,042,284",,,,"2,032,754,612,428","2,854,566,870,018","-821,812,257,590",,,,"3,233,004,113,449",,"3,233,004,113,449","3,508,696,521,478",,"3,508,696,521,478",,,,"2,014,319,329,418","550,525,456,627","1,105,009,622,441",,,"358,784,250,350","51,966,554,134,955",,"33,508,090,398,460","21,959,384,315,601","6,204,955,892,270","295,503,674,927","734,435,362,000","260,583,971,468","1,886,808,787,864",,,"27,493,899,658","602,117,190,142","11,912,895,424,070","5,733,234,095","28,856,879,107",,,"11,548,706,082,859","2,891,997,931,517",,,,,"271,306,898,097","17,346,717,959","7,982,990,296,185",,,"364,002,426,168","21,061,812,933",,"18,458,463,736,495","18,458,463,736,495","22,438,112,000,000","22,438,112,000,000",,,,,,,"-72,528,663,845","1,527,975,015,749",,"9,775,164,167","-3,452,376,693,394","-331,382,631,471","-3,120,994,061,923",,"-1,992,493,086,182",,,,"51,966,554,134,955"
'1/2018,,"17,228,460,333,563","1,960,713,454,856","1,952,613,454,856","8,100,000,000","2,471,500,000,000",,,"2,471,500,000,000","7,379,375,647,541","4,563,888,285,243","847,752,123,170",,,,"2,283,745,673,126","-365,221,342,008","49,210,908,010","3,918,521,338,540","3,928,898,363,592","-10,377,025,052","1,498,349,892,626","174,735,095,626","1,227,033,881,165","96,580,915,835",,,"34,459,273,778,421","11,803,648,628,926","8,305,178,624,836",,,,"3,422,604,290,220","75,865,713,870",,"14,502,357,617,778","12,506,868,156,809","26,171,437,939,925","-13,664,569,783,116",,,,"1,995,489,460,969","2,898,124,897,895","-902,635,436,926",,,,"2,434,895,718,300",,"2,434,895,718,300","3,638,354,199,634",,"3,638,354,199,634",,,,"2,080,017,613,783","746,927,566,745","987,594,102,340",,,"345,495,944,698","51,687,734,111,984",,"33,352,725,809,518","20,444,136,049,549","6,100,204,737,149","288,641,029,107","592,164,940,809","154,237,866,643","2,123,909,927,496",,,"26,524,652,629","472,882,020,967","10,665,014,443,379","5,685,473,808","14,870,957,562",,,"12,908,589,759,969","3,005,560,443,552",,,,,"283,455,515,383","20,986,820,212","9,259,658,286,934",,,"317,131,057,501","21,797,636,387",,"18,335,008,302,466","18,335,008,302,466","22,438,112,000,000","22,438,112,000,000",,,,,,,"1,430,900,126","1,527,975,015,749",,"9,775,164,167","-3,599,355,068,799","-146,978,375,405","-3,452,376,693,394",,"-2,042,929,708,777",,,,"51,687,734,111,984"
'2/2018,,"17,387,271,670,570","2,589,314,970,034","2,372,028,097,646","217,286,872,388","2,098,000,000,000",,,"2,098,000,000,000","7,264,360,030,181","4,275,447,200,066","829,854,868,896",,,,"2,385,093,388,443","-227,831,198,866","1,795,771,642","3,892,832,493,061","3,903,215,847,768","-10,383,354,707","1,542,764,177,294","327,712,836,194","1,117,009,557,574","98,041,783,526",,,"33,607,882,755,962","12,441,870,281,003","8,284,455,360,424","12,118,831,612",,,"4,107,379,220,200","37,916,868,767",,"13,953,536,356,236","12,003,476,938,977","26,479,524,846,792","-14,476,047,907,815",,,,"1,950,059,417,259","2,924,574,040,974","-974,514,623,715",,,,"2,603,988,367,130",,"2,603,988,367,130","2,758,066,276,626",,"2,758,066,276,626",,,,"1,850,421,474,967","463,785,361,027","1,054,428,474,720",,,"332,207,639,220","50,995,154,426,532",,"33,264,933,425,277","19,913,736,039,080","5,949,914,808,010","151,433,221,831","533,543,262,252","192,944,693,723","2,066,441,635,368",,,"41,206,412,155","475,721,749,121","10,454,609,864,034","5,691,178,786","42,229,213,800",,,"13,351,197,386,197","2,672,746,970,170",,,,,"255,816,191,900","20,590,378,848","9,891,640,700,373",,,"489,155,269,199","21,247,875,707",,"17,730,221,001,255","17,730,221,001,255","22,438,112,000,000","22,438,112,000,000",,,,,,,"-129,233,601,721","2,112,061,278,558",,"9,775,164,167","-4,649,237,390,844","-418,378,830,748","-4,230,858,560,096",,"-2,051,256,448,905",,,,"50,995,154,426,532"
'3/2018,,"26,089,349,444,303","7,452,403,491,459","6,911,635,418,394","540,768,073,065","4,964,000,000,000",,,"4,964,000,000,000","7,620,845,939,743","4,712,663,794,376","652,057,976,050",,,,"2,496,151,922,592","-241,938,975,892","1,911,222,617","4,436,739,640,204","4,447,209,664,368","-10,470,024,164","1,615,360,372,897","420,650,834,341","1,101,432,392,669","93,277,145,887",,,"32,939,419,006,259","13,702,250,591,567","8,164,293,666,891","77,142,517,216",,,"5,405,917,080,240","54,897,327,220",,"13,642,946,477,856","11,686,943,876,141","27,121,410,568,339","-15,434,466,692,198",,,,"1,956,002,601,715","3,009,522,859,835","-1,053,520,258,120",,,,"2,055,079,603,050",,"2,055,079,603,050","1,694,896,371,893",,"1,694,896,371,893",,,,"1,844,245,961,893","604,800,477,074","920,526,151,166",,,"318,919,333,653","59,028,768,450,562",,"34,490,872,443,990","21,325,486,902,793","5,518,781,916,134","149,203,569,557","599,070,931,884","180,535,174,874","2,263,909,141,901",,,"41,900,126,938","616,703,291,761","11,944,492,489,730","5,772,507,544","5,117,752,470",,,"13,165,385,541,197","3,331,016,775,171",,,,,"263,175,847,651","20,650,240,371","8,966,807,591,849",,,"562,144,458,073","21,590,628,082",,"24,537,896,006,572","24,537,896,006,572","30,438,112,000,000","30,438,112,000,000",,,,,,,"-797,464,143,232","2,112,061,278,558",,"9,775,164,167","-5,116,875,694,203","-878,857,297,450","-4,238,018,396,753",,"-2,107,712,598,718",,,,"59,028,768,450,562"
'4/2018,,"24,403,234,648,140","3,678,318,752,551","2,971,481,185,968","706,837,566,583","7,154,000,000,000",,,"7,154,000,000,000","7,208,043,333,127","4,173,716,544,525","622,846,482,278",,,,"2,625,248,508,786","-214,199,396,037","431,193,575","4,852,879,053,228","4,871,776,055,044","-18,897,001,816","1,509,993,509,234","317,211,115,715","1,090,331,964,785","102,450,428,734",,,"33,611,267,087,868","15,082,496,525,052","9,369,733,672,668","49,328,922,850",,,"5,613,447,604,700","49,986,324,834",,"13,942,965,899,636","11,675,145,421,937","27,522,480,231,342","-15,847,334,809,405",,,,"2,267,820,477,699","3,357,882,619,255","-1,090,062,141,556",,,,"1,238,618,871,449",,"1,238,618,871,449","1,442,099,256,069",,"1,442,099,256,069",,,,"1,905,086,535,662","572,548,389,825","1,026,907,117,749",,,"305,631,028,088","58,014,501,736,008",,"32,970,042,214,439","17,235,971,751,400","5,294,028,237,368","36,118,274,319","669,203,633,644","133,121,198,043","2,108,168,179,901",,,"26,354,203,764","576,960,790,561","8,359,272,120,846","5,706,683,265","27,038,429,689",,,"15,734,070,463,039","3,449,617,084,844",,,,,"468,413,878,353","18,921,029,584","11,246,167,760,161",,,"529,873,471,263","21,077,238,834",,"25,044,459,521,569","25,044,459,521,569","30,438,112,000,000","30,438,112,000,000",,,,,,,"-265,350,276,069","2,130,004,708,823",,"9,775,164,167","-5,073,341,885,403","-824,166,113,211","-4,249,175,772,192",,"-2,194,740,189,949",,,,"58,014,501,736,008"
'1/2019,,"21,179,358,041,433","3,236,241,699,037","2,740,913,627,358","495,328,071,679","6,889,000,000,000",,,"6,889,000,000,000","6,049,640,520,532","2,761,599,469,551","569,684,336,130",,,"2,057,333,359","2,930,307,203,511","-215,362,618,397","1,354,796,378","3,505,011,609,974","3,523,675,140,678","-18,663,530,704","1,499,464,211,890","340,769,947,235","1,030,475,678,232","128,218,586,423",,,"38,264,528,816,652","17,918,898,329,268","10,607,453,564,441","41,477,357,710",,,"7,189,896,071,456","80,071,335,661",,"13,222,915,802,987","11,252,012,958,135","27,594,713,850,322","-16,342,700,892,187",,,,"1,970,902,844,852","3,089,583,218,802","-1,118,680,373,950",,,,"2,782,797,007,951",,"2,782,797,007,951","2,382,537,940,169",,"2,382,537,940,169",,,,"1,957,379,736,277","673,519,484,751","991,517,529,004",,,"292,342,722,522","59,443,886,858,085",,"34,472,628,973,629","17,653,499,783,663","5,970,885,853,112","84,906,578,008","633,087,688,032","121,519,351,497","2,471,453,740,609",,,"20,610,505,220","767,882,997,368","7,562,253,033,835","5,577,386,614","15,322,649,368",,,"16,819,129,189,966","2,810,410,427,663",,,,,"498,631,201,550","12,666,526,781","12,666,065,776,356",,,"810,273,486,042","21,081,771,574",,"24,971,257,884,456","24,971,257,884,456","30,438,112,000,000","30,438,112,000,000",,,,,,,"-87,444,350,028","2,130,004,708,823",,"9,775,164,167","-5,298,541,738,410","72,380,774,016","-5,370,922,512,426",,"-2,220,647,900,096",,,,"59,443,886,858,085"
'2/2019,,"22,488,465,376,536","3,623,039,880,916","3,407,971,333,027","215,068,547,889","6,218,000,000,000",,,"6,218,000,000,000","7,102,796,413,931","4,035,734,519,892","652,322,202,608",,,"2,067,555,582","2,625,392,725,484","-212,726,915,564","6,325,929","4,081,271,990,581","4,099,871,043,202","-18,599,052,621","1,463,357,091,108","308,011,138,774","1,049,467,193,649","105,878,758,685",,,"36,634,307,829,862","17,107,272,494,752","8,207,019,242,255","32,652,821,311",,,"8,280,803,262,616","586,797,168,570",,"13,118,725,254,259","11,212,070,108,463","28,217,342,278,694","-17,005,272,170,231",,,,"1,906,655,145,796","3,064,635,029,483","-1,157,979,883,687",,,,"2,357,529,355,152",,"2,357,529,355,152","2,171,655,341,605",,"2,171,655,341,605",,,,"1,879,125,384,094","647,317,117,700","952,753,849,437",,,"279,054,416,957","59,122,773,206,398",,"34,008,550,194,665","15,116,048,953,279","2,855,168,407,883","86,595,077,527","677,001,143,793","136,112,842,107","2,352,787,050,358",,,"293,104,934,571","755,992,858,226","7,888,414,302,729","5,637,113,417","65,235,222,668",,,"18,892,501,241,386","5,897,481,869,011",,,,,"341,595,838,738","91,059,139,910","11,536,940,393,427",,,"1,005,206,293,029","20,217,707,271",,"25,114,223,011,733","25,114,223,011,733","30,438,112,000,000","30,438,112,000,000",,,,,,,"-573,413,168,517","2,482,785,328,041",,"9,775,164,167","-5,078,288,348,527","710,343,037,913","-5,788,631,386,440",,"-2,164,747,963,431",,,,"59,122,773,206,398"
'3/2019,,"25,107,814,838,134","3,846,729,233,089","3,747,030,846,468","99,698,386,621","6,112,000,000,000",,,"6,112,000,000,000","9,210,984,452,040","4,070,602,042,970","962,637,044,564",,,"176,039,383,380","4,164,696,233,400","-212,019,509,320","49,029,257,046","4,375,163,536,265","4,403,295,489,098","-28,131,952,833","1,562,937,616,740","451,660,377,491","1,045,333,732,067","65,943,507,182",,,"36,201,771,137,890","16,177,048,102,862","7,709,951,385,926",,,,"8,441,569,606,142","25,527,110,794",,"13,161,898,408,527","10,653,833,266,643","28,326,508,823,554","-17,672,675,556,911",,,,"2,508,065,141,884","3,714,310,882,555","-1,206,245,740,671",,,,"2,220,475,063,653",,"2,220,475,063,653","2,489,934,246,502",,"2,489,934,246,502",,,,"2,152,415,316,346","925,419,955,885","961,229,249,070",,,"265,766,111,391","61,309,585,976,024",,"35,406,648,586,634","17,852,862,318,847","5,818,853,746,175","90,162,642,397","865,790,617,360","158,488,888,402","2,466,725,417,477",,,"40,673,275,545","719,518,722,721","7,626,689,830,188","1,858,693,320","64,100,485,262",,,"17,553,786,267,787","3,955,327,383,897",,,,,"801,586,643,537","164,516,468,159","11,676,298,249,646",,,"937,257,591,060","18,799,931,488",,"25,902,937,389,390","25,902,937,389,390","30,438,112,000,000","30,438,112,000,000",,,,,,,"-112,200,166,148","2,494,353,347,924",,"9,775,164,167","-5,081,348,150,959","780,712,630,104","-5,862,060,781,063",,"-1,845,754,805,594",,,,"61,309,585,976,024"
'4/2019,,"22,767,796,571,003","4,830,183,052,466","3,576,375,599,276","1,253,807,453,190","5,691,000,000,000",,,"5,691,000,000,000","7,170,440,942,204","3,130,973,678,221","530,176,639,795",,,"382,954,151,287","3,333,128,499,063","-206,792,026,162",,"3,575,297,774,539","3,631,469,457,180","-56,171,682,641","1,500,874,801,794","430,708,162,003","987,445,468,350","82,721,171,441",,,"39,054,057,556,830","18,717,397,915,198","10,407,223,835,704","24,427,158,949",,,"8,221,158,325,330","64,588,595,215",,"13,408,430,054,005","10,916,708,358,347","29,373,469,964,360","-18,456,761,606,013",,,,"2,491,721,695,658","3,772,752,225,241","-1,281,030,529,583",,,,"2,771,491,534,617",,"2,771,491,534,617","2,123,301,771,160",,"2,123,301,771,160",,,,"2,033,436,281,850","839,182,173,484","941,776,302,541",,,"252,477,805,825","61,821,854,127,833",,"36,707,094,254,828","18,913,517,574,091","7,063,833,796,442","50,682,815,489","792,065,656,918","166,460,233,291","2,580,290,804,842",,,"57,532,698,714","664,476,623,601","7,418,486,070,752","70,173,008,414","49,515,865,628",,,"17,793,576,680,737","3,725,223,610,404",,,,,"1,021,727,341,167","318,792,666,311","11,846,848,370,277",,,"861,597,113,716","19,387,578,862",,"25,114,759,873,005","25,114,759,873,005","30,438,112,000,000","30,438,112,000,000",,,,,,,"-1,207,802,287,206","2,525,128,935,737",,"9,775,164,167","-4,708,142,591,114","1,165,303,296,511","-5,873,445,887,625",,"-1,942,311,348,579",,,,"61,821,854,127,833"
'1/2020,,"22,773,846,005,103","3,777,640,045,853","3,296,911,719,218","480,728,326,635","5,787,000,000,000",,,"5,787,000,000,000","9,429,440,880,253","4,556,841,322,260","484,803,860,599",,,"4,357,227,274,570","3,041,207,743,807","-3,010,840,569,473","201,248,490","2,237,933,572,076","2,301,625,950,595","-63,692,378,519","1,541,831,506,921","432,948,397,430","889,246,677,741","219,636,431,750",,,"38,396,476,675,337","21,068,769,659,133","12,505,215,120,235",,,,"8,365,171,148,778","198,383,390,120",,"10,547,404,574,274","8,681,047,359,170","26,389,621,162,381","-17,708,573,803,211",,,,"1,866,357,215,104","2,822,599,912,120","-956,242,697,016",,,,"2,150,050,749,461",,"2,150,050,749,461","2,726,663,060,038",,"2,726,663,060,038","583,660,000","-583,660,000",,"1,903,588,632,431","699,585,457,020","964,813,675,151",,,"239,189,500,260","61,170,322,680,440",,"31,565,212,325,240","15,229,684,563,124","5,247,210,617,015","78,563,680,777","392,488,551,714","97,497,802,670","1,639,660,299,736",,,"67,666,115,253","846,041,503,796","6,753,357,796,936","64,748,188,649","42,450,006,578",,,"16,335,527,762,116","2,724,153,867,110",,"53,643,090,008",,,"1,032,948,768,164","112,963,148,451","11,476,524,332,290",,,"935,294,556,093",,,"29,605,110,355,200","29,605,110,355,200","30,438,112,000,000","30,438,112,000,000",,,,,,,"-327,547,911,797","2,539,313,340,269",,"9,775,164,167","-2,597,734,953,707","962,732,329,048","-3,560,467,282,755",,"-456,807,283,732",,,,"61,170,322,680,440"
'2/2020,,"22,840,289,146,848","3,717,277,566,620","3,578,622,942,585","138,654,624,035","6,428,000,000,000",,,"6,428,000,000,000","9,304,432,152,859","4,073,149,348,784","542,629,010,072",,,"4,664,808,802,714","3,302,486,617,132","-3,278,657,551,327","15,925,484","2,107,333,115,921","2,170,365,321,409","-63,032,205,488","1,283,246,311,448","308,208,719,941","823,526,781,409","151,510,810,098",,,"36,488,834,378,452","20,097,363,806,194","12,272,628,717,193",,,,"7,785,154,162,218","39,580,926,783",,"9,651,439,176,926","7,911,555,596,253","25,518,261,206,385","-17,606,705,610,132",,,,"1,739,883,580,673","2,717,397,349,377","-977,513,768,704",,,,"1,919,549,035,469",,"1,919,549,035,469","2,947,587,664,166",,"2,947,587,664,166","583,660,000","-583,660,000",,"1,872,894,695,697","784,183,764,350","862,809,736,652",,,"225,901,194,695","59,329,123,525,300",,"29,892,433,460,173","12,419,863,803,954","5,146,763,961,807","26,948,184,696","363,056,678,082","145,121,837,281","1,466,945,892,895",,,"2,879,006,229","633,880,575,806","4,502,641,380,090","28,197,051,817","103,429,235,251",,,"17,472,569,656,219","1,995,458,966,678",,"254,893,643,834",,,"1,082,257,725,647","457,623,673,802","12,980,810,874,086",,,"701,524,772,172",,,"29,436,690,065,127","29,436,690,065,127","30,438,112,000,000","30,438,112,000,000",,,,,,,"-203,143,469,603","2,909,366,393,649",,"9,775,164,167","-3,204,170,951,491","737,263,284,123","-3,941,434,235,614",,"-513,249,071,595",,,,"59,329,123,525,300"
'3/2020,,"24,351,201,659,245","4,397,967,879,829","4,279,074,377,715","118,893,502,114","6,624,433,435,616",,,"6,624,433,435,616","9,665,112,709,181","3,874,881,759,432","536,427,684,718",,,"5,112,799,604,773","3,526,637,185,875","-3,385,649,507,420","15,981,803","2,483,433,854,085","2,532,400,022,927","-48,966,168,842","1,180,253,780,534","294,699,734,127","759,101,082,374","126,452,964,033",,,"36,267,047,761,921","19,205,354,416,170","11,979,954,707,470",,,,"7,183,773,797,227","41,625,911,473",,"9,966,594,648,622","8,283,762,424,520","27,433,452,489,961","-19,149,690,065,441",,,,"1,682,832,224,102","2,739,929,862,817","-1,057,097,638,715",,,,"1,425,130,539,975",,"1,425,130,539,975","3,641,286,463,069",,"3,641,286,463,069","583,660,000","-583,660,000",,"2,028,681,694,085","925,296,282,680","890,772,522,276",,,"212,612,889,129","60,618,249,421,166",,"29,120,959,824,457","14,889,155,710,663","5,093,524,798,965","11,479,635,528","437,977,607,247","134,826,274,809","1,657,775,781,098",,,"59,692,316,595","1,097,159,035,210","6,248,855,999,144","43,430,116,664","104,434,145,403",,,"14,231,804,113,794","2,004,027,429,089",,"34,837,701,736",,,"1,048,437,755,877","6,640,285,737","10,325,120,124,177",,,"812,740,817,178",,,"31,497,289,596,709","31,497,289,596,709","30,438,112,000,000","30,438,112,000,000",,,,,,,"680,137,959,391","2,926,139,292,628",,"9,775,164,167","-2,460,938,698,714","1,635,829,528,647","-4,096,768,227,361",,"-95,936,120,763",,,,"60,618,249,421,166"
'4/2020,,"26,581,216,308,797","4,884,832,096,245","4,771,740,535,945","113,091,560,300","6,632,433,435,616",,,"6,632,433,435,616","11,988,617,549,655","6,301,787,159,309","385,462,512,128",,,"5,545,561,866,824","3,804,309,879,805","-4,048,519,803,034","15,934,623","1,983,230,223,052","2,039,510,574,355","-56,280,351,303","1,092,103,004,229","239,155,635,606","689,500,699,359","163,446,669,264",,,"32,423,044,402,215","15,338,930,403,767","8,736,298,139,624",,,,"6,252,779,781,077","349,852,483,066",,"10,343,549,114,849","8,228,328,540,429","27,922,086,545,494","-19,693,758,005,065",,,,"2,115,220,574,420","3,216,923,896,916","-1,101,703,322,496",,,,"1,005,976,813,962",,"1,005,976,813,962","3,775,384,356,636",,"3,529,384,356,636","583,660,000","-583,660,000","246,000,000,000","1,959,203,713,001","945,292,174,021","814,586,955,416",,,"199,324,583,564","59,004,260,711,012",,"28,735,178,327,523","15,970,117,759,748","5,280,490,320,991","18,670,242,109","434,839,988,642","161,718,538,012","2,089,765,228,231",,,"168,344,895,985","1,343,307,723,257","6,323,911,478,403","43,516,707,345","105,552,636,773",,,"12,765,060,567,775","1,777,124,242,919",,"37,170,451,157",,,"1,141,230,214,434","349,293,042,666","8,736,253,378,025",,,"723,989,238,574",,,"30,269,082,383,489","30,269,082,383,489","30,438,112,000,000","30,438,112,000,000",,,,,,,"792,380,595,316","2,931,215,853,295",,"9,775,164,167","-3,560,933,108,994","434,142,446,414","-3,995,075,555,408",,"-341,468,120,295",,,,"59,004,260,711,012"
'1/2021,,"26,854,060,203,474","5,245,664,092,175","4,893,069,439,606","352,594,652,569","6,384,275,234,612",,,"6,384,275,234,612","11,981,958,558,480","6,163,743,815,736","412,471,325,617",,,"6,164,218,429,133","3,841,051,511,929","-4,599,542,434,320","15,910,385","2,125,559,862,645","2,179,332,707,555","-53,772,844,910","1,116,602,455,562","415,522,057,683","640,634,630,059","60,445,767,820",,,"29,864,822,711,130","14,194,054,097,762","8,392,158,945,323",,,,"5,451,654,231,043","350,240,921,396",,"10,455,684,320,268","7,919,824,153,120","28,190,635,549,086","-20,270,811,395,966",,,,"2,535,860,167,148","3,727,372,933,465","-1,191,512,766,317",,,,"1,214,993,546,386",,"1,214,993,546,386","2,291,116,373,420",,"2,291,116,373,420","583,660,000","-583,660,000",,"1,708,974,373,294","828,539,111,724","694,398,983,572",,,"186,036,277,998","56,718,882,914,604",,"27,842,158,479,377","16,788,384,840,816","4,248,964,512,880","55,598,495,056","781,263,798,146","108,477,642,677","2,317,409,435,770",,,"505,509,189,618","1,516,956,013,964","7,112,019,110,976","61,342,758,183","80,843,883,546",,,"11,053,773,638,561","1,624,994,227,526",,"36,956,631,117",,,"838,610,425,883","178,019,990,812","7,636,092,254,819",,,"739,100,108,404",,,"28,876,724,435,227","28,876,724,435,227","30,438,112,000,000","30,438,112,000,000",,,,,,,"284,285,406,911","2,944,047,973,210",,"9,775,164,167","-4,476,019,362,353","-660,781,626,567","-3,815,237,735,786",,"-323,476,746,708",,,,"56,718,882,914,604"
'2/2021,,"27,772,422,978,904","5,273,447,740,328","5,044,068,098,742","229,379,641,586","6,488,275,234,612",,,"6,488,275,234,612","12,835,656,174,307","6,238,945,181,933","416,426,130,720",,,"6,987,451,012,965","3,860,226,676,654","-4,667,408,700,262","15,872,297","1,901,216,931,900","1,962,313,342,701","-61,096,410,801","1,273,826,897,757","397,808,088,120","627,285,351,936","248,733,457,701",,,"27,455,462,969,820","13,140,274,002,091","8,094,822,531,265",,,,"4,600,614,335,075","444,837,135,751",,"9,922,137,144,211","7,461,669,192,417","28,184,091,311,687","-20,722,422,119,270",,,,"2,460,467,951,794","3,731,660,002,712","-1,271,192,050,918",,,,"1,388,071,933,575",,"1,388,071,933,575","1,161,030,748,063",,"1,161,030,748,063","583,660,000","-583,660,000",,"1,843,949,141,880","884,724,634,495","786,476,534,952",,,"172,747,972,433","55,227,885,948,724",,"26,494,927,346,124","16,837,752,375,190","3,837,132,112,566","18,388,598,255","863,523,004,032","96,591,960,470","2,289,721,293,831",,,"262,529,758,178","1,586,214,549,279","7,709,747,560,609","18,634,823,699","155,268,714,271",,,"9,657,174,970,934","1,326,829,855,591",,"37,195,353,096",,,"1,084,551,550,194","191,483,550,403","6,098,690,807,595",,,"918,423,854,055",,,"28,732,958,602,600","28,732,958,602,600","30,438,112,000,000","30,438,112,000,000",,,,,,,"-399,048,687,606","3,323,259,946,177",,"9,775,164,167","-4,346,562,299,390","-92,145,255,069","-4,254,417,044,321",,"-292,577,520,748",,,,"55,227,885,948,724"
'3/2021,,"28,631,978,196,293","5,582,981,768,428","5,384,521,867,715","198,459,900,713","6,522,888,945,371",,,"6,522,888,945,371","13,323,949,723,460","6,065,566,946,005","436,622,793,182",,,"7,790,416,023,315","4,080,103,056,378","-5,048,774,828,039","15,732,619","1,772,198,158,021","1,878,088,166,057","-105,890,008,036","1,429,959,601,013","497,680,730,003","561,383,303,525","370,895,567,485",,,"25,454,032,553,412","11,877,984,322,772","7,753,462,478,240","14,308,820,689",,,"3,666,196,576,449","444,016,447,394",,"9,450,672,517,458","7,066,206,928,332","28,173,464,317,081","-21,107,257,388,749",,,,"2,384,465,589,126","3,706,121,419,206","-1,321,655,830,080",,,,"1,257,249,841,646",,"1,257,249,841,646","1,412,290,615,930",,"1,412,290,615,930","583,660,000","-583,660,000",,"1,455,835,255,606","707,112,155,552","589,263,433,187",,,"159,459,666,867","54,086,010,749,705",,"24,989,139,078,768","16,109,086,029,805","3,673,012,094,155","143,013,551,724","1,025,270,860,526","95,487,675,860","2,484,563,953,468",,,"230,413,365,847","1,708,344,608,512","6,544,539,993,243","64,433,470,826","140,006,455,644",,,"8,880,053,048,963","1,203,627,525,647","27,961,541,772","37,713,425,576",,,"969,131,055,347","179,683,873,105","5,569,742,745,468",,,"892,192,882,048",,,"29,096,871,670,937","29,096,871,670,937","30,438,112,000,000","30,438,112,000,000",,,,,,,"89,211,351,176","3,330,425,182,085",,"9,775,164,167","-4,443,376,583,331","-182,304,659,910","-4,261,071,923,421",,"-327,275,443,160",,,,"54,086,010,749,705"
'4/2021,,"29,027,551,115,963","6,149,490,089,685","5,531,745,710,088","617,744,379,597","6,443,699,352,124",,,"6,443,699,352,124","13,912,796,371,147","6,028,148,037,144","397,632,257,629",,,"8,601,283,976,996","4,249,725,653,577","-5,363,993,554,199",,"1,721,927,904,702","1,897,576,145,093","-175,648,240,391","799,637,398,305","260,490,488,730","474,550,821,700","64,596,087,875",,,"23,386,557,779,469","10,886,361,994,877","7,590,603,964,300","5,532,043,815",,,"2,857,856,560,235","432,369,426,527",,"9,326,594,245,262","7,018,239,176,015","28,641,733,866,356","-21,623,494,690,341",,,,"2,308,355,069,247","3,701,962,794,857","-1,393,607,725,610",,,,"1,019,904,334,070",,"1,019,904,334,070","756,047,136,259",,"756,047,136,259","583,660,000","-583,660,000",,"1,397,650,069,001","685,161,423,895","566,317,283,804",,,"146,171,361,302","52,414,108,895,432",,"24,352,881,125,108","15,411,008,368,926","2,812,597,516,754","44,384,928,832","533,875,540,378","51,032,395,772","1,858,596,252,511",,,"1,891,260,962,093","1,702,507,037,341","6,362,755,450,690","15,778,262,455","138,220,022,100",,,"8,941,872,756,182","962,671,707,121","28,047,163,291","70,898,969,610",,,"896,152,577,166","174,674,784,652","5,874,957,105,563",,,"934,470,448,779",,,"28,061,227,770,324","28,061,227,770,324","30,438,112,000,000","30,438,112,000,000",,,,,,,"-70,845,520,717","3,345,253,664,009",,"9,775,164,167","-5,094,702,684,734","-930,753,441,900","-4,163,949,242,834",,"-566,364,852,401",,,,"52,414,108,895,432"
'1/2022,,"32,000,651,883,293","6,071,335,355,197","5,797,303,922,536","274,031,432,661","9,171,742,578,794",,,"9,171,742,578,794","14,066,291,798,936","5,946,752,228,626","462,999,926,590",,,"8,620,258,792,750","4,475,714,870,733","-5,439,434,019,763",,"1,815,270,817,752","2,006,037,373,224","-190,766,555,472","876,011,332,614","357,116,529,350","430,754,928,980","88,139,874,284",,,"20,100,662,880,734","7,286,524,551,492","4,015,416,760,467","5,773,448,447",,,"2,864,161,119,150","401,173,223,428",,"8,899,186,217,528","6,662,577,735,586","28,750,996,751,237","-22,088,419,015,651",,,,"2,236,608,481,942","3,701,101,868,195","-1,464,493,386,253",,,,"1,113,849,484,790",,"1,113,849,484,790","918,711,373,611",,"918,711,373,611","583,660,000","-583,660,000",,"1,882,391,253,313","636,474,961,806","1,113,033,235,771",,,"132,883,055,736","52,101,314,764,027",,"22,138,135,133,265","15,094,015,351,476","3,082,416,386,079","130,972,531,868","772,432,096,125","81,917,908,948","2,333,817,539,133",,,"2,061,805,718,331","1,724,783,625,754","4,785,400,296,896","15,730,095,060","104,739,153,282",,,"7,044,119,781,789","375,497,305,319","28,132,784,810",,,,"828,221,908,846","171,529,502,928","4,945,915,900,615",,,"694,822,379,271",,,"29,963,179,630,762","29,963,179,630,762","30,438,112,000,000","30,438,112,000,000",,,,,,,"-167,025,791,679","3,362,359,927,213",,"9,775,164,167","-3,544,434,931,904","1,189,350,636,727","-4,733,785,568,631",,"-135,606,737,035",,,,"52,101,314,764,027"
'2/2022,,"35,897,870,738,059","6,829,389,964,566","6,258,213,420,850","571,176,543,716","9,103,140,064,338",,,"9,103,140,064,338","17,379,521,132,463","7,699,116,577,081","607,642,153,789",,,"10,108,929,056,521","5,076,762,037,444","-6,112,928,692,372",,"1,707,197,763,329","1,897,241,049,810","-190,043,286,481","878,621,813,363","361,386,218,810","405,080,753,197","112,154,841,356",,,"16,724,413,778,850","4,060,123,667,776","2,324,730,780,254","10,239,715,531",,,"1,587,837,602,594","137,315,569,397",,"8,909,752,282,787","6,710,630,187,114","29,732,244,285,505","-23,021,614,098,391",,,,"2,199,122,095,673","3,757,011,457,722","-1,557,889,362,049",,,,"943,638,520,504",,"943,638,520,504","998,459,109,885",,"998,459,109,885","583,660,000","-583,660,000",,"1,812,440,197,898","590,541,516,350","1,102,303,931,377",,,"119,594,750,171","52,622,284,516,909",,"21,833,015,810,814","14,521,569,234,347","3,685,996,789,591","85,203,286,389","671,360,429,072","87,464,874,233","1,750,687,893,115",,,"2,040,567,352,703","2,011,553,284,304","4,036,875,137,541","15,934,117,045","135,926,070,354",,,"7,311,446,576,467","419,378,179,150","28,645,148,189","29,012,983,033",,,"784,466,337,664","292,604,889,027","4,737,055,099,888",,,"1,020,283,939,516",,,"30,789,268,706,095","30,789,268,706,095","30,438,112,000,000","30,438,112,000,000",,,,,,,"-360,383,771,908","3,476,579,823,211",,"9,775,164,167","-2,738,215,076,249","2,077,449,577,237","-4,815,664,653,486",,"-36,599,433,126",,,,"52,622,284,516,909"
'3/2022,,"38,271,910,447,333","7,469,713,740,172","6,830,604,851,119","639,108,889,053","9,253,500,444,417",,,"9,253,500,444,417","18,373,698,895,755","7,972,517,022,637","657,670,127,860",,,"10,347,068,945,675","5,768,034,185,124","-6,371,591,385,541",,"2,317,418,247,110","2,513,532,782,648","-196,114,535,538","857,579,119,879","358,204,019,016","452,844,135,238","46,530,965,625",,,"16,430,236,165,009","4,100,803,095,984","2,324,538,453,555","10,479,311,456",,,"1,625,242,897,327","140,542,433,646",,"8,745,507,635,290","6,531,079,868,477","30,558,112,388,282","-24,027,032,519,805",,,,"2,214,427,766,813","3,856,789,954,795","-1,642,362,187,982",,,,"1,045,654,075,160",,"1,045,654,075,160","836,751,408,469",,"836,751,408,469","583,660,000","-583,660,000",,"1,701,519,950,106","549,898,802,267","1,045,314,703,234",,,"106,306,444,605","54,702,146,612,342",,"22,649,149,811,083","16,931,682,985,076","3,868,537,776,793","48,446,829,180","893,663,102,139","93,139,463,426","2,146,957,154,117",,,"2,183,907,825,816","2,656,350,471,577","4,901,166,462,989","16,304,012,604","123,209,886,435",,,"5,717,466,826,007","383,628,162,702","29,343,493,359",,,,"734,763,614,246","4,227,577,702","3,251,317,721,514",,,"1,314,186,256,484",,,"32,052,996,801,259","32,052,996,801,259","30,438,112,000,000","30,438,112,000,000",,,,,,,"-827,693,367,384","3,494,112,332,598",,"9,775,164,167","-1,184,444,473,243","3,627,365,154,039","-4,811,809,627,282",,"123,135,145,121",,,,"54,702,146,612,342"
'4/2022,,"34,385,542,999,385","7,819,344,672,129","7,340,613,592,058","478,731,080,071","9,071,894,921,704",,,"9,071,894,921,704","14,624,766,244,695","7,134,927,580,522","506,360,848,561",,,"11,160,937,812,137","5,219,119,111,274","-9,396,579,107,799",,"2,148,623,162,041","2,257,337,955,101","-108,714,793,060","720,913,998,816","198,201,515,034","473,336,829,180","49,375,654,602",,,"15,873,562,871,014","3,108,600,609,244","2,234,728,641,535","10,399,654,528",,,"720,368,282,058","143,104,031,123",,"9,851,835,234,432","7,056,525,108,560","31,197,348,696,754","-24,140,823,588,194",,,,"2,795,310,125,872","4,512,557,774,478","-1,717,247,648,606",,,,"570,186,605,388",,"570,186,605,388","877,859,597,438",,"877,859,597,438","583,660,000","-583,660,000",,"1,465,080,824,512","471,840,883,609","900,221,801,863",,,"93,018,139,040","50,259,105,870,399",,"21,085,214,435,937","16,545,821,683,436","3,943,417,495,882","40,860,119,758","963,220,542,690","142,871,649,355","2,199,288,466,669",,,"2,139,585,200,692","3,341,638,675,587","3,642,554,915,200","16,020,143,983","116,364,473,620",,,"4,539,392,752,501","346,949,669,442","29,031,783,681",,,,"690,107,546,190","5,848,287,004","2,315,225,046,355",,,"1,152,230,419,829",,,"29,173,891,434,462","29,173,891,434,462","30,438,112,000,000","30,438,112,000,000",,,,,,,"-817,404,183,095","3,495,796,815,118",,"9,775,164,167","-3,904,633,169,464","-4,702,619,189,255","797,986,019,791",,"-47,755,192,264",,,,"50,259,105,870,399"
'1/2023,,"35,421,503,670,216","8,518,257,990,283","8,026,517,429,851","491,740,560,432","9,119,200,000,000",,,"9,119,200,000,000","14,981,026,894,760","7,657,166,515,489","688,378,235,423",,,"11,417,360,628,101","5,155,201,320,390","-9,937,079,804,643",,"1,951,143,989,365","2,062,824,492,015","-111,680,502,650","851,874,795,808","315,561,529,994","477,537,133,396","58,776,132,418",,,"15,081,300,805,417","2,162,216,425,156","1,719,332,631,490","5,688,341,658",,,"366,872,667,367","70,322,784,641",,"10,092,811,217,706","6,751,188,521,814","31,240,946,282,079","-24,489,757,760,265",,,,"3,341,622,695,892","5,151,384,607,020","-1,809,761,911,128",,,,"476,993,871,878",,"476,993,871,878","952,592,574,866",,"952,592,574,866","583,660,000","-583,660,000",,"1,396,686,715,811","492,295,052,117","824,661,830,220",,,"79,729,833,474","50,502,804,475,633",,"20,811,851,269,590","16,608,175,432,727","3,209,841,815,800","84,757,061,034","711,095,586,869","86,979,317,658","3,341,815,059,843",,,"2,238,226,797,172","3,553,953,596,493","3,271,917,536,335","15,893,446,047","93,695,215,476",,,"4,203,675,836,863","527,154,851,598","28,896,418,530",,,,"658,413,936,751","3,799,260,609","1,746,781,090,373",,,"1,238,630,279,002",,,"29,690,953,206,043","29,690,953,206,043","30,438,112,000,000","30,438,112,000,000",,,,,,,"-789,590,304,190","3,508,687,589,452",,"9,775,164,167","-3,608,227,637,229","-3,979,899,159,912","371,671,522,683",,"132,196,393,843",,,,"50,502,804,475,633"
'2/2023,,"33,736,860,767,025","8,193,119,397,301","7,764,541,782,557","428,577,614,744","9,622,315,000,000",,,"9,622,315,000,000","12,511,301,384,221","7,336,639,856,255","659,612,811,129",,,"11,636,488,512,041","5,055,795,345,689","-12,177,235,140,893",,"2,453,567,719,032","2,570,025,873,537","-116,458,154,505","956,557,266,471","338,438,341,318","526,538,995,868","91,579,929,285",,,"14,688,006,603,935","1,864,348,787,178","1,612,074,958,832","5,717,820,254",,,"196,786,770,284","49,769,237,808",,"9,768,902,525,680","6,488,343,604,459","31,338,897,621,691","-24,850,554,017,232",,,,"3,280,558,921,221","5,107,501,940,907","-1,826,943,019,686",,,,"825,194,000,230",,"825,194,000,230","942,991,639,467",,"942,991,639,467","583,660,000","-583,660,000",,"1,286,569,651,380","520,321,607,500","699,806,515,971",,,"66,441,527,909","48,424,867,370,960",,"19,674,742,579,779","16,119,787,245,172","3,249,862,568,483","9,642,664,561","709,148,124,613","100,212,451,476","2,865,795,174,861",,,"2,328,394,989,742","3,838,663,214,937","2,910,613,105,621","15,566,239,903","91,888,710,975",,,"3,554,955,334,607","481,468,646,616","29,027,193,676",,,,"620,891,474,335","27,161,980,815","979,165,690,797",,,"1,417,240,348,368",,,"28,750,124,791,181","28,750,124,791,181","30,438,112,000,000","30,438,112,000,000",,,,,,,"-544,252,455,458","3,531,136,252,551",,"10,757,970,494","-5,079,265,599,576","-3,970,615,930,598","-1,108,649,668,978",,"393,636,623,170",,,,"48,424,867,370,960"
'3/2023,,"36,096,378,269,443","8,984,683,874,740","8,368,655,569,332","616,028,305,408","11,237,120,156,164",,,"11,237,120,156,164","11,943,237,946,185","6,652,705,709,966","759,105,074,139",,,"12,050,427,506,922","5,485,261,252,446","-13,004,261,597,288",,"2,827,815,035,891","2,943,199,743,145","-115,384,707,254","1,103,521,256,463","449,664,799,310","583,526,294,572","70,330,162,581",,,"14,706,975,706,227","1,842,091,534,762","1,665,937,727,895","5,873,398,088",,,"119,063,458,494","51,216,950,285",,"9,957,713,961,028","6,454,726,711,733","32,541,235,845,855","-26,086,509,134,122",,,,"3,502,987,249,295","5,475,306,908,352","-1,972,319,659,057",,,,"1,147,452,272,684",,"1,147,452,272,684","632,217,857,705",,"632,217,857,705","583,660,000","-583,660,000",,"1,127,500,080,048","432,569,864,522","641,776,993,183",,,"53,153,222,343","50,803,353,975,670",,"20,888,645,769,973","16,927,449,570,647","3,856,819,421,517","4,882,102,299","997,467,337,340","99,286,424,812","3,283,588,568,073",,,"2,604,130,055,181","3,945,862,464,705","2,034,018,663,353","15,685,151,931","85,709,381,436",,,"3,961,196,199,326","537,729,172,925","29,858,288,063",,,,"634,133,101,860","3,901,177,101","1,119,908,647,843",,,"1,635,665,811,534",,,"29,914,708,205,697","29,914,708,205,697","30,438,112,000,000","30,438,112,000,000",,,,,,,"-557,856,067,462","3,546,919,981,729",,"10,757,970,494","-3,978,147,573,512","-3,968,760,088,082","-9,387,485,430",,"454,921,894,448",,,,"50,803,353,975,670"
'4/2023,,"37,612,316,029,998","8,900,862,523,230","8,403,748,741,188","497,113,782,042","14,215,182,007,744",,,"14,215,182,007,744","10,944,320,309,111","6,608,624,341,260","616,642,361,752",,,"12,100,161,122,283","5,706,437,428,996","-14,087,544,945,180",,"2,514,299,769,920","2,635,519,010,587","-121,219,240,667","1,037,651,419,993","382,469,349,107","592,850,068,048","62,332,002,838",,,"14,759,035,083,759","1,584,172,002,964","1,446,011,858,778",,,,"79,441,593,000","58,718,551,186",,"10,575,256,722,911","7,222,384,328,548","33,675,313,428,480","-26,452,929,099,932",,,,"3,352,872,394,363","5,420,532,526,058","-2,067,660,131,695",,,,"970,507,245,775",,"970,507,245,775","629,267,223,837",,"629,267,223,837","583,660,000","-583,660,000",,"999,831,888,272","273,165,886,733","638,481,945,463",,"48,319,139,298","39,864,916,778","52,371,351,113,757",,"22,008,594,844,634","17,945,902,820,115","3,942,869,867,370","57,318,259,895","1,169,175,041,529","162,755,382,619","3,310,350,102,443",,,"2,830,902,169,305","4,634,146,555,366","1,748,318,243,801","6,704,495,887","83,362,701,900",,,"4,062,692,024,519","571,332,496,867",,,,,"609,130,854,116","6,933,050,128","1,192,801,909,373",,,"1,549,572,598,289","132,921,115,746",,"30,362,756,269,123","30,362,756,269,123","30,438,112,000,000","30,438,112,000,000",,,,,,,"-585,929,599,363","3,548,111,376,748",,"10,757,970,494","-3,554,992,325,643","-3,945,175,726,930","390,183,401,287",,"506,696,846,887",,,,"52,371,351,113,757"
'1/2024,,"41,305,477,962,947","10,378,641,973,896","9,886,402,768,660","492,239,205,236","16,316,430,000,000",,,"16,316,430,000,000","11,096,845,338,194","7,266,208,746,400","478,820,413,696",,,"12,412,008,786,203","5,642,930,696,110","-14,703,123,304,215",,"2,513,454,246,989","2,700,465,036,757","-187,010,789,768","1,000,106,403,868","288,200,150,192","626,302,652,054","85,603,601,622",,,"14,062,375,141,874","401,679,503,208","286,535,655,683",,,,"40,611,175,500","74,532,672,025",,"10,662,895,923,998","7,173,743,572,591","34,688,736,458,511","-27,514,992,885,920",,,,"3,489,152,351,407","5,728,692,858,350","-2,239,540,506,943",,,,"1,297,418,788,824",,"1,297,418,788,824","690,563,104,632",,"690,563,104,632","583,660,000","-583,660,000",,"1,009,817,821,212","344,417,581,873","589,655,536,816",,"49,168,091,311","26,576,611,212","55,367,853,104,821",,"23,253,554,333,629","18,764,499,497,796","3,506,558,666,918","44,580,026,154","1,372,838,849,994","79,172,420,612","3,739,494,933,275",,,"2,906,657,007,608","4,796,677,522,161","2,204,514,084,946","12,278,789,062","101,727,197,066",,,"4,489,054,835,833","383,188,632,624",,"558,679,860,341",,,"599,203,512,721","8,453,707,456","853,768,012,161",,,"1,949,015,704,230","136,745,406,300",,"32,114,298,771,192","32,114,298,771,192","30,438,112,000,000","30,438,112,000,000",,,,,,,"-654,839,379,348","3,548,111,376,666",,"28,721,378,683","-2,099,831,523,395","-3,395,305,987,502","1,295,474,464,107",,"854,024,918,586",,,,"55,367,853,104,821"
'2/2024,,"42,958,774,665,213","11,162,946,639,406","10,789,728,285,098","373,218,354,308","18,355,365,000,000",,,"18,355,365,000,000","9,905,583,601,818","6,786,580,241,954","391,404,556,134",,,"12,768,612,145,059","5,768,605,813,881","-15,809,619,155,210",,"2,499,350,188,943","2,713,689,104,918","-214,338,915,975","1,035,529,235,046","321,313,393,823","642,437,070,923","71,778,770,300",,,"14,182,455,609,469","355,124,067,082","290,772,065,598",,,,,"64,352,001,484",,"10,687,499,783,747","7,125,991,417,881","35,857,784,616,174","-28,731,793,198,293",,,,"3,561,508,365,866","5,977,373,885,832","-2,415,865,519,966",,,,"1,450,268,293,175",,"1,450,268,293,175","680,164,135,333",,"680,164,135,333","583,660,000","-583,660,000",,"1,009,399,330,132","347,099,952,077","591,925,560,166",,"57,085,512,242","13,288,305,647","57,141,230,274,682",,"23,631,312,919,927","18,515,783,687,883","3,497,386,218,124","36,023,984,357","1,430,063,918,560","105,037,006,538","3,077,332,439,400",,,"3,142,228,896,537","5,375,509,185,644","1,775,332,919,870","12,283,493,462","64,585,625,391",,,"5,115,529,232,044","423,046,491,879",,"560,477,560,864",,,"575,352,790,837","6,794,577,683","1,084,616,266,339",,,"2,318,209,730,481","147,031,813,961",,"33,509,917,354,755","33,509,917,354,755","30,438,112,000,000","30,438,112,000,000",,,,,,,"-449,545,634,394","3,548,237,976,757",,"28,721,378,683","-1,233,763,778,357","-3,355,649,141,956","2,121,885,363,599",,"1,178,155,412,066",,,,"57,141,230,274,682"
'3/2024,,"46,117,382,635,740","12,517,577,633,087","11,899,653,971,735","617,923,661,352","20,505,675,000,000",,,"20,505,675,000,000","9,000,932,644,890","6,487,407,171,894","564,240,009,293",,,"12,338,862,775,695","5,536,020,779,213","-15,925,598,091,205",,"2,898,358,032,144","3,119,335,424,726","-220,977,392,582","1,194,839,325,619","313,768,128,225","688,615,525,163","192,455,672,231",,,"13,545,716,690,002","169,891,243,663","102,354,239,068",,,,,"67,537,004,595",,"10,189,534,263,520","6,841,948,466,527","34,992,838,719,245","-28,150,890,252,718",,,,"3,347,585,796,993","5,791,750,784,100","-2,444,164,987,107",,,,"1,450,530,424,660",,"1,450,530,424,660","656,087,586,558",,"656,087,586,558","583,660,000","-583,660,000",,"1,079,673,171,601","379,537,122,238","647,021,449,422",,"53,114,599,941",,"59,663,099,325,742",,"25,602,326,650,227","20,601,650,731,297","3,767,027,319,757","46,434,572,206","2,118,603,288,056","105,826,279,243","3,399,211,881,653",,,"3,434,309,234,399","6,032,154,586,800","1,623,820,308,570","6,316,147,110","67,947,113,503",,,"5,000,675,918,930","505,554,139,179",,"553,172,557,532",,,"548,000,970,489","6,645,511,554","1,055,815,878,361",,,"2,179,881,131,291","151,605,730,524",,"34,060,772,675,515","34,060,772,675,515","30,438,112,000,000","30,438,112,000,000",,,,,,,"-118,483,425,189","3,548,819,468,539",,"28,721,378,683","-1,026,192,296,679","-3,336,553,255,263","2,310,360,958,584",,"1,189,795,550,161",,,,"59,663,099,325,742"
'4/2024,,"48,658,156,050,000","13,376,730,196,292","12,469,365,720,800","907,364,475,492","23,487,420,000,000",,,"23,487,420,000,000","7,981,486,163,061","6,306,691,240,200","433,524,484,613",,,"12,761,017,707,327","5,820,427,181,477","-17,340,174,450,556",,"2,767,551,058,852","2,989,761,399,586","-222,210,340,734","1,044,968,631,795","258,990,070,031","714,871,147,507","71,107,414,257",,,"14,762,736,836,831","142,842,684,250","70,506,213,552","129,452,418",,,,"72,207,018,280",,"11,493,487,175,729","8,133,676,803,265","38,004,253,178,006","-29,870,576,374,741",,,,"3,359,810,372,464","6,157,967,244,328","-2,798,156,871,864",,,,"1,473,203,771,415",,"1,473,203,771,415","644,759,288,710",,"644,759,288,710","583,660,000","-583,660,000",,"1,008,443,916,727","372,858,519,782","574,442,070,831",,"61,143,326,114",,"63,420,892,886,831",,"27,554,581,581,609","22,452,716,494,342","3,879,912,406,810","37,444,451,932","2,082,279,980,698","171,928,008,248","3,610,099,609,766",,,"3,668,466,872,462","7,146,913,057,842","1,663,435,339,642","126,965,602,537","65,271,164,405",,,"5,101,865,087,267","409,511,382,167",,"570,708,156,774",,,"561,663,357,793","7,651,060,960","1,059,373,875,226",,,"2,326,990,611,299","165,966,643,048",,"35,866,311,305,222","35,866,311,305,222","30,438,112,000,000","30,438,112,000,000",,,,,,,"-1,808,363,147,878","3,551,039,169,660",,"76,774,438,854","2,290,025,669,613","-3,290,518,325,747","5,580,543,995,360",,"1,318,723,174,973",,,,"63,420,892,886,831"
